FTC MCARE,
FTC MCAID,
ADJ MCARE,
ADJ MCAID,
COR MCARE,
COR MCAID,
OMN MCARE,
OMN MCAID,
APP MCARE,
APP MCAID,
Medicare,
Medicaid,
ADJ-Basic/NON MMP,
ADJ-COB NON MMP,
APP-BASIC/NON MMP,
APP-COB NON MMP,
COR-Basic/NON MMP,
COR-COB NON MMP,
FTC-Basic/Non MMP,
FTC-COB NON MMP,
OMN-Basic/NON MMP,
OMN-COB NON MMP,
Marketplace,
FTC Basic,
FTC COB,
ADJ,
COR,
OMN,
APP,
OMNI Prod GLOBAL,
CenPAS Domestic,
FTC Non COB,
XC Claims,
ADJ COB,
Corrected Claims - CenPas,
SALESFORCE,
FTC,
ADJ/COR/APP,
Prepay,
Projects,
Corr,
BOT FTC,
BOT ADJ,
Auth Report/Spreadsheet,
Domestic,
Global,
