Amisys CROP,
ADJ-Basic/NON MMP,
OMN-Basic/NON MMP,
FTC-Basic/Non MMP,
FTC-COB NON MMP,
APP-BASIC/NON MMP,
ADJ-COB NON MMP,
ADJ MCAID MMP,
ADJ MCAID,
Medicaid Project,
BOT COB Triage,
Medicaid,
COR-Basic/NON MMP,
Medicaid Project,
FTC MCAID,
FTC-Basic/Non MMP FTC-COB NON MMP,
Amisys Partial Automation,
Non CA MCAID Projects recoveries,
Accumulator,
FTC-Basic/Non MMP FTC-COB NON MMP ADJ-Basic/NON MMP ADJ-COB NON MMP,
ADJ-Basic/NON MMP ADJ-COB NON MMP FTC-Basic/Non MMP,
FTC-Basic/Non MMP ADJ-Basic/NON MMP FTC-COB NON MMP ADJ-COB NON MMP,
ADJ-Basic/NON MMP FTC-Basic/Non MMP FTC-COB NON MMP ADJ-COB NON MMP,
APP-BASIC/NON MMP APP-COB NON MMP OMN-Basic/NON MMP OMN-COB NON MMP COR-Basic/NON MMP COR-COB NON MMP  FTC-Basic/Non MMP FTC-COB NON MMP ADJ-Basic/NON MMP ADJ-COB NON MMP,
FTC Non COB,
SALESFORCE,
Corrected Claims - CenPas,
FTC COB,
APP,
ADJ COB,
FTC,
ADJ/COR/APP,
Prepay,
CenPAS Domestic,
COR,
OMN,
FTC Basic,
ADJ,
Marketplace,
OMNI Prod GLOBAL,
Medicare,
Projects,
Domestic,
Corr,
Global,
PA,
